{
  "girls": {
    "weeks": {
      "0":  { "L": 0.3809, "M": 3.2322, "S": 0.14171 },
      "1":  { "L": 0.2671, "M": 3.3388, "S": 0.146 },
      "2":  { "L": 0.2304, "M": 3.5693, "S": 0.14339 },
      "3":  { "L": 0.2024, "M": 3.8352, "S": 0.1406 },
      "4":  { "L": 0.1789, "M": 4.0987, "S": 0.13805 },
      "5":  { "L": 0.1582, "M": 4.3476, "S": 0.13583 },
      "6":  { "L": 0.1395, "M": 4.5793, "S": 0.13392 },
      "7":  { "L": 0.1224, "M": 4.795, "S": 0.13228 },
      "8":  { "L": 0.1065, "M": 4.9959, "S": 0.13087 },
      "9":  { "L": 0.0918, "M": 5.1842, "S": 0.12966 },
      "10": { "L": 0.0779, "M": 5.3618, "S": 0.12861 },
      "11": { "L": 0.0648, "M": 5.5295, "S": 0.1277 },
      "12": { "L": 0.0525, "M": 5.6883, "S": 0.12691 },
      "13": { "L": 0.0407, "M": 5.8393, "S": 0.12622 }
    },
    "months": {
      "0":  {"L": 0.3809, "M": 3.2322, "S": 0.14171},
      "1":  {"L": 0.1714, "M": 4.1873, "S": 0.13724},
      "2":  {"L": 0.0962, "M": 5.1282, "S": 0.13},
      "3":  {"L": 0.0402, "M": 5.8458, "S": 0.12619},
      "4":  {"L": -0.005, "M": 6.4237, "S": 0.12402},
      "5":  {"L": -0.043, "M": 6.8985, "S": 0.12274},
      "6":  {"L": -0.0756, "M": 7.297, "S": 0.12204},
      "7":  {"L": -0.1039, "M": 7.6422, "S": 0.12178},
      "8":  {"L": -0.1288, "M": 7.9487, "S": 0.12181},
      "9":  {"L": -0.1507, "M": 8.2254, "S": 0.12199},
      "10": {"L": -0.17, "M": 8.48, "S": 0.12223},
      "11": {"L": -0.1872, "M": 8.7192, "S": 0.12247},
      "12": {"L": -0.2024, "M": 8.9481, "S": 0.12268},
      "13": {"L": -0.2158, "M": 9.1699, "S": 0.12283},
      "14": {"L": -0.2278, "M": 9.387, "S": 0.12294},
      "15": {"L": -0.2384, "M": 9.6008, "S": 0.12299},
      "16": {"L": -0.2478, "M": 9.8124, "S": 0.12303},
      "17": {"L": -0.2562, "M": 10.0226, "S": 0.12306},
      "18": {"L": -0.2637, "M": 10.2315, "S": 0.12309},
      "19": {"L": -0.2703, "M": 10.4393, "S": 0.12315},
      "20": {"L": -0.2762, "M": 10.6464, "S": 0.12323},
      "21": {"L": -0.2815, "M": 10.8534, "S": 0.12335},
      "22": {"L": -0.2862, "M": 11.0608, "S": 0.1235},
      "23": {"L": -0.2903, "M": 11.2688, "S": 0.12369},
      "24": {"L": -0.2941, "M": 11.4775, "S": 0.1239},
      "25": {"L": -0.2975, "M": 11.6864, "S": 0.12414},
      "26": {"L": -0.3005, "M": 11.8947, "S": 0.12441},
      "27": {"L": -0.3032, "M": 12.1015, "S": 0.12472},
      "28": {"L": -0.3057, "M": 12.3059, "S": 0.12506},
      "29": {"L": -0.308, "M": 12.5073, "S": 0.12545},
      "30": {"L": -0.3101, "M": 12.7055, "S": 0.12587},
      "31": {"L": -0.312, "M": 12.9006, "S": 0.12633},
      "32": {"L": -0.3138, "M": 13.093, "S": 0.12683},
      "33": {"L": -0.3155, "M": 13.2837, "S": 0.12737},
      "34": {"L": -0.3171, "M": 13.4731, "S": 0.12794},
      "35": {"L": -0.3186, "M": 13.6618, "S": 0.12855},
      "36": {"L": -0.3201, "M": 13.8503, "S": 0.12919},
      "37": {"L": -0.3216, "M": 14.0385, "S": 0.12988},
      "38": {"L": -0.323, "M": 14.2265, "S": 0.13059},
      "39": {"L": -0.3243, "M": 14.414, "S": 0.13135},
      "40": {"L": -0.3257, "M": 14.601, "S": 0.13213},
      "41": {"L": -0.327, "M": 14.7873, "S": 0.13293},
      "42": {"L": -0.3283, "M": 14.9727, "S": 0.13376},
      "43": {"L": -0.3296, "M": 15.1573, "S": 0.1346},
      "44": {"L": -0.3309, "M": 15.341, "S": 0.13545},
      "45": {"L": -0.3322, "M": 15.524, "S": 0.1363},
      "46": {"L": -0.3335, "M": 15.7064, "S": 0.13716},
      "47": {"L": -0.3348, "M": 15.8882, "S": 0.138},
      "48": {"L": -0.3361, "M": 16.0697, "S": 0.13884},
      "49": {"L": -0.3374, "M": 16.2511, "S": 0.13968},
      "50": {"L": -0.3387, "M": 16.4322, "S": 0.14051},
      "51": {"L": -0.34, "M": 16.6133, "S": 0.14132},
      "52": {"L": -0.3414, "M": 16.7942, "S": 0.14213},
      "53": {"L": -0.3427, "M": 16.9748, "S": 0.14293},
      "54": {"L": -0.344, "M": 17.1551, "S": 0.14371},
      "55": {"L": -0.3453, "M": 17.3347, "S": 0.14448},
      "56": {"L": -0.3466, "M": 17.5136, "S": 0.14525},
      "57": {"L": -0.3479, "M": 17.6916, "S": 0.146},
      "58": {"L": -0.3492, "M": 17.8686, "S": 0.14675},
      "59": {"L": -0.3505, "M": 18.0445, "S": 0.14748},
      "60": {"L": -0.3518, "M": 18.2193, "S": 0.14821}
    }
  },
  "boys": {
    "weeks": {
      "0":  { "L": 0.3487, "M": 3.3464, "S": 0.14602 },
      "1":  { "L": 0.2776, "M": 3.4879, "S": 0.14483 },
      "2":  { "L": 0.2581, "M": 3.7529, "S": 0.14142 },
      "3":  { "L": 0.2442, "M": 4.0603, "S": 0.13807 },
      "4":  { "L": 0.2331, "M": 4.3671, "S": 0.13497 },
      "5":  { "L": 0.2237, "M": 4.659,  "S": 0.13215 },
      "6":  { "L": 0.2155, "M": 4.9303, "S": 0.1296 },
      "7":  { "L": 0.2081, "M": 5.1817, "S": 0.12729 },
      "8":  { "L": 0.2014, "M": 5.4149, "S": 0.1252 },
      "9":  { "L": 0.1952, "M": 5.6319, "S": 0.1233 },
      "10": { "L": 0.1894, "M": 5.8346, "S": 0.12157 },
      "11": { "L": 0.184,  "M": 6.0242, "S": 0.12001 },
      "12": { "L": 0.1789, "M": 6.2019, "S": 0.1186 },
      "13": { "L": 0.174,  "M": 6.369,  "S": 0.11732 }
    },
    "months": {
      "0":  { "L": 0.3487, "M": 3.3464, "S": 0.14602 },
      "1":  { "L": 0.2297, "M": 4.4709, "S": 0.13395 },
      "2":  { "L": 0.197,  "M": 5.5675, "S": 0.12385 },
      "3":  { "L": 0.1738, "M": 6.3762, "S": 0.11727 },
      "4":  { "L": 0.1553, "M": 7.0023, "S": 0.11316 },
      "5":  { "L": 0.1395, "M": 7.5105, "S": 0.1108 },
      "6":  { "L": 0.1257, "M": 7.934,  "S": 0.10958 },
      "7":  { "L": 0.1134, "M": 8.297,  "S": 0.10902 },
     "8":  { "L": 0.1021, "M": 8.6151, "S": 0.10882 },
     "9":  { "L": 0.0917, "M": 8.9014, "S": 0.10881 },
     "10": { "L": 0.082,  "M": 9.1649, "S": 0.10891 },
     "11": { "L": 0.073,  "M": 9.4122, "S": 0.10906 },
     "12": { "L": 0.0644, "M": 9.6479, "S": 0.10925 },
     "13": { "L": 0.0563, "M": 9.8749, "S": 0.10949 },
     "14": { "L": 0.0487, "M": 10.0953, "S": 0.10976 },
     "15": { "L": 0.0413, "M": 10.3108, "S": 0.11007 },
     "16": { "L": 0.0343, "M": 10.5228, "S": 0.11041 },
     "17": { "L": 0.0275, "M": 10.7319, "S": 0.11079 },
     "18": { "L": 0.0211, "M": 10.9385, "S": 0.11119 },
     "19": { "L": 0.0148, "M": 11.143,  "S": 0.11164 },
     "20": { "L": 0.0087, "M": 11.3462, "S": 0.11211 },
     "21": { "L": 0.0029, "M": 11.5486, "S": 0.11261 },
     "22": { "L": -0.0028,"M": 11.7504, "S": 0.11314 },
     "23": { "L": -0.0083,"M": 11.9514, "S": 0.11369 },
     "24": { "L": -0.0137,"M": 12.1515, "S": 0.11426 },
     "25": { "L": -0.0189,"M": 12.3502, "S": 0.11485 },
     "26": { "L": -0.024, "M": 12.5466, "S": 0.11544 },
     "27": { "L": -0.0289,"M": 12.7401, "S": 0.11604 },
     "28": { "L": -0.0337,"M": 12.9303, "S": 0.11664 },
     "29": { "L": -0.0385,"M": 13.1169, "S": 0.11723 },
     "30": { "L": -0.0431,"M": 13.3,    "S": 0.11781 },
     "31": { "L": -0.0476,"M": 13.4798, "S": 0.11839 },
     "32": { "L": -0.052, "M": 13.6567, "S": 0.11896 },
     "33": { "L": -0.0564,"M": 13.8309, "S": 0.11953 },
     "34": { "L": -0.0606,"M": 14.0031, "S": 0.12008 },
     "35": { "L": -0.0648,"M": 14.1736, "S": 0.12062 },
     "36": { "L": -0.0689,"M": 14.3429, "S": 0.12116 },
     "37": { "L": -0.0729,"M": 14.5113, "S": 0.12168 },
     "38": { "L": -0.0769,"M": 14.6791, "S": 0.1222 },
     "39": { "L": -0.0808,"M": 14.8466, "S": 0.12271 },
     "40": { "L": -0.0846,"M": 15.014,  "S": 0.12322 },
     "41": { "L": -0.0883,"M": 15.1813, "S": 0.12373 },
     "42": { "L": -0.092, "M": 15.3486, "S": 0.12425 },
     "43": { "L": -0.0957,"M": 15.5158, "S": 0.12478 },
     "44": { "L": -0.0993,"M": 15.6828, "S": 0.12531 },
     "45": { "L": -0.1028,"M": 15.8497, "S": 0.12586 },
     "46": { "L": -0.1063,"M": 16.0163, "S": 0.12643 },
     "47": { "L": -0.1097,"M": 16.1827, "S": 0.127 },
     "48": { "L": -0.1131,"M": 16.3489, "S": 0.12759 },
     "49": { "L": -0.1165,"M": 16.515,  "S": 0.12819 },
     "50": { "L": -0.1198,"M": 16.6811, "S": 0.1288 },
     "51": { "L": -0.123, "M": 16.8471, "S": 0.12943 },
     "52": { "L": -0.1262,"M": 17.0132, "S": 0.13005 },